order_id,customer_name,email,order_date,amount,product_id
1,Isha Sharma,isha.sharma@example.com,01-01-2024,202,1005
2,Kabir Reddy,kabir.reddy@example.com,02-01-2024,535,1001
3,Sneha Singh,sneha.singh@example.com,03-01-2024,960,1008
4,Isha Chopra,isha.chopra@example.com,04-01-2024,370,1012
5,Diya Desai,diya.desai@example.com,05-01-2024,206,1012
6,Kiran Sharma,kiran.sharma@example.com,06-01-2024,171,1005
7,Aarav Patel,aarav.patel@example.com,07-01-2024,800,1007
8,Arjun Reddy,arjun.reddy@example.com,08-01-2024,120,1004
9,Pooja Desai,pooja.desai@example.com,09-01-2024,714,1006
10,Aarav Chopra,aarav.chopra@example.com,10-01-2024,221,1013
11,Arjun Chopra,arjun.chopra@example.com,11-01-2024,566,1020
12,Kiran Reddy,kiran.reddy@example.com,12-01-2024,314,1015
13,Aisha Desai,aisha.desai@example.com,13-01-2024,430,1003
14,Kabir Sharma,kabir.sharma@example.com,14-01-2024,558,1008
15,Anaya Nair,anaya.nair@example.com,15-01-2024,187,1020
16,Neha Mehta,neha.mehta@example.com,16-01-2024,472,1016
17,Rohan Reddy,rohan.reddy@example.com,17-01-2024,199,1013
18,Neha Patel,neha.patel@example.com,18-01-2024,971,1018
19,Diya Nair,diya.nair@example.com,19-01-2024,763,1010
20,Isha Iyer,isha.iyer@example.com,20-01-2024,230,1019
21,Raj Desai,raj.desai@example.com,21-01-2024,761,1017
22,Kabir Sharma,kabir.sharma@example.com,22-01-2024,408,1019
23,Aisha Chopra,aisha.chopra@example.com,23-01-2024,869,1005
24,Isha Nair,isha.nair@example.com,24-01-2024,443,1009
25,Diya Chopra,diya.chopra@example.com,25-01-2024,591,1012
26,Meera Desai,meera.desai@example.com,26-01-2024,513,1001
27,Raj Desai,raj.desai@example.com,27-01-2024,905,1001
28,Arjun Patel,arjun.patel@example.com,28-01-2024,485,1015
29,Vivaan Reddy,vivaan.reddy@example.com,29-01-2024,291,1002
30,Meera Patel,meera.patel@example.com,30-01-2024,376,1016
31,Sneha Patel,sneha.patel@example.com,31-01-2024,260,1008
32,Simran Mehta,simran.mehta@example.com,01-02-2024,559,1013
33,Aisha Iyer,aisha.iyer@example.com,02-02-2024,413,1001
34,Anaya Iyer,anaya.iyer@example.com,03-02-2024,121,1016
35,Raj Reddy,raj.reddy@example.com,04-02-2024,352,1007
36,Kabir Patel,kabir.patel@example.com,05-02-2024,847,1005
37,Kunal Singh,kunal.singh@example.com,06-02-2024,956,1003
38,Dev Reddy,dev.reddy@example.com,07-02-2024,660,1012
39,Anaya Khan,anaya.khan@example.com,08-02-2024,574,1016
40,Simran Mehta,simran.mehta@example.com,09-02-2024,158,1019
41,Dev Reddy,dev.reddy@example.com,10-02-2024,610,1005
42,Neha Sharma,neha.sharma@example.com,11-02-2024,781,1014
43,Sneha Sharma,sneha.sharma@example.com,12-02-2024,575,1005
44,Neha Nair,neha.nair@example.com,13-02-2024,799,1015
45,Kabir Patel,kabir.patel@example.com,14-02-2024,882,1017
46,Arjun Desai,arjun.desai@example.com,15-02-2024,289,1014
47,Neha Reddy,neha.reddy@example.com,16-02-2024,786,1020
48,Vikram Nair,vikram.nair@example.com,17-02-2024,662,1005
49,Aisha Singh,aisha.singh@example.com,18-02-2024,975,1012
50,Kabir Singh,kabir.singh@example.com,19-02-2024,666,1016
51,Sneha Chopra,sneha.chopra@example.com,20-02-2024,343,1016
52,Dev Mehta,dev.mehta@example.com,21-02-2024,931,1007
53,Tanya Nair,tanya.nair@example.com,22-02-2024,604,1004
54,Tanya Nair,tanya.nair@example.com,23-02-2024,230,1001
55,Raj Reddy,raj.reddy@example.com,24-02-2024,584,1005
56,Rohan Chopra,rohan.chopra@example.com,25-02-2024,918,1010
57,Vikram Patel,vikram.patel@example.com,26-02-2024,746,1005
58,Vivaan Patel,vivaan.patel@example.com,27-02-2024,120,1004
59,Rohan Singh,rohan.singh@example.com,28-02-2024,940,1002
60,Kiran Desai,kiran.desai@example.com,29-02-2024,266,1020
61,Diya Nair,diya.nair@example.com,01-03-2024,373,1010
62,Simran Desai,simran.desai@example.com,02-03-2024,487,1019
63,Aisha Chopra,aisha.chopra@example.com,03-03-2024,700,1001
64,Kabir Chopra,kabir.chopra@example.com,04-03-2024,415,1005
65,Aarav Patel,aarav.patel@example.com,05-03-2024,113,1013
66,Dev Mehta,dev.mehta@example.com,06-03-2024,341,1004
67,Neha Patel,neha.patel@example.com,07-03-2024,876,1016
68,Meera Nair,meera.nair@example.com,08-03-2024,445,1016
69,Anaya Khan,anaya.khan@example.com,09-03-2024,664,1002
70,Aarav Mehta,aarav.mehta@example.com,10-03-2024,997,1017
71,Pooja Singh,pooja.singh@example.com,11-03-2024,439,1020
72,Pooja Patel,pooja.patel@example.com,12-03-2024,191,1012
73,Meera Chopra,meera.chopra@example.com,13-03-2024,466,1018
74,Kunal Reddy,kunal.reddy@example.com,14-03-2024,554,1003
75,Rohan Iyer,rohan.iyer@example.com,15-03-2024,527,1001
76,Anaya Chopra,anaya.chopra@example.com,16-03-2024,608,1001
77,Pooja Sharma,pooja.sharma@example.com,17-03-2024,875,1019
78,Kunal Iyer,kunal.iyer@example.com,18-03-2024,134,1011
79,Vikram Sharma,vikram.sharma@example.com,19-03-2024,305,1005
80,Isha Iyer,isha.iyer@example.com,20-03-2024,180,1012
81,Meera Reddy,meera.reddy@example.com,21-03-2024,661,1003
82,Vivaan Reddy,vivaan.reddy@example.com,22-03-2024,971,1001
83,Tanya Patel,tanya.patel@example.com,23-03-2024,487,1001
84,Diya Khan,diya.khan@example.com,24-03-2024,101,1008
85,Diya Chopra,diya.chopra@example.com,25-03-2024,489,1010
86,Rohan Singh,rohan.singh@example.com,26-03-2024,665,1011
87,Vikram Chopra,vikram.chopra@example.com,27-03-2024,205,1012
88,Anaya Mehta,anaya.mehta@example.com,28-03-2024,871,1013
89,Pooja Desai,pooja.desai@example.com,29-03-2024,921,1012
90,Kiran Reddy,kiran.reddy@example.com,30-03-2024,576,1014
91,Dev Reddy,dev.reddy@example.com,31-03-2024,802,1002
92,Meera Nair,meera.nair@example.com,01-04-2024,501,1019
93,Raj Khan,raj.khan@example.com,02-04-2024,829,1018
94,Pooja Khan,pooja.khan@example.com,03-04-2024,655,1003
95,Isha Reddy,isha.reddy@example.com,04-04-2024,261,1017
96,Sneha Patel,sneha.patel@example.com,05-04-2024,301,1008
97,Neha Sharma,neha.sharma@example.com,06-04-2024,369,1010
98,Tanya Chopra,tanya.chopra@example.com,07-04-2024,962,1002
99,Sneha Desai,sneha.desai@example.com,08-04-2024,915,1019
100,Sneha Sharma,sneha.sharma@example.com,09-04-2024,370,1009
101,Diya Sharma,diya.sharma@example.com,10-04-2024,555,1007
102,Sneha Patel,sneha.patel@example.com,11-04-2024,561,1004
103,Vivaan Iyer,vivaan.iyer@example.com,12-04-2024,826,1018
104,Diya Chopra,diya.chopra@example.com,13-04-2024,351,1013
105,Sneha Mehta,sneha.mehta@example.com,14-04-2024,801,1011
106,Vikram Reddy,vikram.reddy@example.com,15-04-2024,395,1004
107,Dev Singh,dev.singh@example.com,16-04-2024,824,1004
108,Tanya Desai,tanya.desai@example.com,17-04-2024,819,1010
109,Vikram Reddy,vikram.reddy@example.com,18-04-2024,848,1005
110,Vikram Nair,vikram.nair@example.com,19-04-2024,437,1009
111,Arjun Patel,arjun.patel@example.com,20-04-2024,978,1003
112,Isha Nair,isha.nair@example.com,21-04-2024,152,1017
113,Raj Nair,raj.nair@example.com,22-04-2024,891,1003
114,Kiran Khan,kiran.khan@example.com,23-04-2024,316,1016
115,Vivaan Patel,vivaan.patel@example.com,24-04-2024,863,1004
116,Vivaan Nair,vivaan.nair@example.com,25-04-2024,287,1018
117,Neha Patel,neha.patel@example.com,26-04-2024,479,1017
118,Sneha Reddy,sneha.reddy@example.com,27-04-2024,592,1007
119,Arjun Chopra,arjun.chopra@example.com,28-04-2024,140,1005
120,Aisha Singh,aisha.singh@example.com,29-04-2024,256,1012
121,Kiran Singh,kiran.singh@example.com,30-04-2024,114,1017
122,Kabir Khan,kabir.khan@example.com,01-05-2024,912,1013
123,Sneha Patel,sneha.patel@example.com,02-05-2024,164,1003
124,Aisha Chopra,aisha.chopra@example.com,03-05-2024,956,1009
125,Isha Sharma,isha.sharma@example.com,04-05-2024,938,1017
126,Dev Sharma,dev.sharma@example.com,05-05-2024,620,1017
127,Diya Reddy,diya.reddy@example.com,06-05-2024,443,1020
128,Anaya Nair,anaya.nair@example.com,07-05-2024,228,1016
129,Vikram Khan,vikram.khan@example.com,08-05-2024,747,1013
130,Arjun Nair,arjun.nair@example.com,09-05-2024,571,1019
131,Vivaan Singh,vivaan.singh@example.com,10-05-2024,162,1017
132,Simran Sharma,simran.sharma@example.com,11-05-2024,238,1004
133,Simran Mehta,simran.mehta@example.com,12-05-2024,598,1012
134,Aisha Mehta,aisha.mehta@example.com,13-05-2024,692,1009
135,Kiran Chopra,kiran.chopra@example.com,14-05-2024,491,1019
136,Vikram Singh,vikram.singh@example.com,15-05-2024,774,1012
137,Arjun Mehta,arjun.mehta@example.com,16-05-2024,518,1009
138,Arjun Sharma,arjun.sharma@example.com,17-05-2024,388,1007
139,Tanya Chopra,tanya.chopra@example.com,18-05-2024,478,1014
140,Vivaan Iyer,vivaan.iyer@example.com,19-05-2024,872,1020
141,Vivaan Sharma,vivaan.sharma@example.com,20-05-2024,589,1019
142,Tanya Khan,tanya.khan@example.com,21-05-2024,330,1015
143,Pooja Chopra,pooja.chopra@example.com,22-05-2024,140,1016
144,Anaya Sharma,anaya.sharma@example.com,23-05-2024,127,1005
145,Pooja Patel,pooja.patel@example.com,24-05-2024,234,1003
146,Anaya Patel,anaya.patel@example.com,25-05-2024,300,1012
147,Kunal Patel,kunal.patel@example.com,26-05-2024,939,1020
148,Sneha Nair,sneha.nair@example.com,27-05-2024,879,1004
149,Isha Desai,isha.desai@example.com,28-05-2024,132,1016
150,Sneha Desai,sneha.desai@example.com,29-05-2024,147,1007
151,Kunal Sharma,kunal.sharma@example.com,30-05-2024,602,1013
152,Kunal Patel,kunal.patel@example.com,31-05-2024,506,1010
153,Kiran Desai,kiran.desai@example.com,01-06-2024,673,1007
154,Tanya Chopra,tanya.chopra@example.com,02-06-2024,827,1014
155,Neha Mehta,neha.mehta@example.com,03-06-2024,904,1005
156,Arjun Iyer,arjun.iyer@example.com,04-06-2024,198,1003
157,Sneha Mehta,sneha.mehta@example.com,05-06-2024,783,1011
158,Simran Singh,simran.singh@example.com,06-06-2024,971,1011
159,Meera Khan,meera.khan@example.com,07-06-2024,825,1018
160,Neha Patel,neha.patel@example.com,08-06-2024,646,1015
161,Aarav Khan,aarav.khan@example.com,09-06-2024,838,1012
162,Kunal Desai,kunal.desai@example.com,10-06-2024,712,1009
163,Isha Patel,isha.patel@example.com,11-06-2024,561,1010
164,Dev Reddy,dev.reddy@example.com,12-06-2024,742,1012
165,Pooja Mehta,pooja.mehta@example.com,13-06-2024,868,1017
166,Rohan Iyer,rohan.iyer@example.com,14-06-2024,104,1006
167,Diya Reddy,diya.reddy@example.com,15-06-2024,317,1007
168,Raj Mehta,raj.mehta@example.com,16-06-2024,602,1014
169,Anaya Khan,anaya.khan@example.com,17-06-2024,866,1013
170,Dev Mehta,dev.mehta@example.com,18-06-2024,497,1008
171,Kunal Chopra,kunal.chopra@example.com,19-06-2024,970,1010
172,Aarav Chopra,aarav.chopra@example.com,20-06-2024,894,1009
173,Meera Patel,meera.patel@example.com,21-06-2024,492,1018
174,Rohan Mehta,rohan.mehta@example.com,22-06-2024,306,1002
175,Isha Patel,isha.patel@example.com,23-06-2024,114,1005
176,Dev Singh,dev.singh@example.com,24-06-2024,957,1005
177,Kabir Mehta,kabir.mehta@example.com,25-06-2024,653,1006
178,Kunal Reddy,kunal.reddy@example.com,26-06-2024,991,1019
179,Neha Reddy,neha.reddy@example.com,27-06-2024,560,1008
180,Kabir Chopra,kabir.chopra@example.com,28-06-2024,790,1016
181,Vikram Mehta,vikram.mehta@example.com,29-06-2024,674,1013
182,Vivaan Patel,vivaan.patel@example.com,30-06-2024,963,1001
183,Kiran Mehta,kiran.mehta@example.com,01-07-2024,842,1020
184,Vivaan Sharma,vivaan.sharma@example.com,02-07-2024,340,1017
185,Neha Singh,neha.singh@example.com,03-07-2024,663,1007
186,Kabir Singh,kabir.singh@example.com,04-07-2024,195,1013
187,Aisha Chopra,aisha.chopra@example.com,05-07-2024,999,1004
188,Kiran Chopra,kiran.chopra@example.com,06-07-2024,833,1004
189,Aarav Patel,aarav.patel@example.com,07-07-2024,584,1006
190,Diya Singh,diya.singh@example.com,08-07-2024,506,1019
191,Dev Sharma,dev.sharma@example.com,09-07-2024,330,1012
192,Raj Desai,raj.desai@example.com,10-07-2024,848,1007
193,Dev Singh,dev.singh@example.com,11-07-2024,754,1010
194,Kiran Singh,kiran.singh@example.com,12-07-2024,270,1019
195,Vivaan Mehta,vivaan.mehta@example.com,13-07-2024,640,1007
196,Raj Sharma,raj.sharma@example.com,14-07-2024,135,1003
197,Raj Reddy,raj.reddy@example.com,15-07-2024,624,1013
198,Sneha Patel,sneha.patel@example.com,16-07-2024,259,1013
199,Raj Chopra,raj.chopra@example.com,17-07-2024,938,1018
200,Kiran Desai,kiran.desai@example.com,18-07-2024,798,1020
201,Rohan Reddy,rohan.reddy@example.com,19-07-2024,342,1008
202,Anaya Singh,anaya.singh@example.com,20-07-2024,185,1009
203,Kiran Sharma,kiran.sharma@example.com,21-07-2024,895,1007
204,Anaya Iyer,anaya.iyer@example.com,22-07-2024,677,1001
205,Kiran Reddy,kiran.reddy@example.com,23-07-2024,781,1003
206,Kabir Singh,kabir.singh@example.com,24-07-2024,656,1013
207,Isha Nair,isha.nair@example.com,25-07-2024,673,1017
208,Vivaan Khan,vivaan.khan@example.com,26-07-2024,745,1001
209,Sneha Reddy,sneha.reddy@example.com,27-07-2024,895,1006
210,Aisha Iyer,aisha.iyer@example.com,28-07-2024,127,1006
211,Meera Reddy,meera.reddy@example.com,29-07-2024,719,1012
212,Sneha Sharma,sneha.sharma@example.com,30-07-2024,655,1013
213,Arjun Nair,arjun.nair@example.com,31-07-2024,439,1013
214,Neha Mehta,neha.mehta@example.com,01-08-2024,897,1015
215,Diya Mehta,diya.mehta@example.com,02-08-2024,430,1016
216,Raj Chopra,raj.chopra@example.com,03-08-2024,739,1011
217,Simran Chopra,simran.chopra@example.com,04-08-2024,605,1005
218,Neha Sharma,neha.sharma@example.com,05-08-2024,447,1004
219,Isha Mehta,isha.mehta@example.com,06-08-2024,572,1003
220,Anaya Desai,anaya.desai@example.com,07-08-2024,330,1019
221,Kabir Sharma,kabir.sharma@example.com,08-08-2024,289,1020
222,Isha Desai,isha.desai@example.com,09-08-2024,324,1018
223,Kiran Iyer,kiran.iyer@example.com,10-08-2024,484,1015
224,Neha Nair,neha.nair@example.com,11-08-2024,476,1009
225,Kunal Chopra,kunal.chopra@example.com,12-08-2024,382,1017
226,Isha Nair,isha.nair@example.com,13-08-2024,732,1014
227,Tanya Reddy,tanya.reddy@example.com,14-08-2024,727,1015
228,Kabir Sharma,kabir.sharma@example.com,15-08-2024,844,1001
229,Kiran Sharma,kiran.sharma@example.com,16-08-2024,358,1003
230,Pooja Chopra,pooja.chopra@example.com,17-08-2024,458,1016
231,Arjun Iyer,arjun.iyer@example.com,18-08-2024,809,1011
232,Kiran Patel,kiran.patel@example.com,19-08-2024,555,1012
233,Neha Desai,neha.desai@example.com,20-08-2024,510,1010
234,Neha Patel,neha.patel@example.com,21-08-2024,748,1016
235,Meera Chopra,meera.chopra@example.com,22-08-2024,417,1008
236,Meera Nair,meera.nair@example.com,23-08-2024,776,1006
237,Neha Nair,neha.nair@example.com,24-08-2024,324,1012
238,Meera Chopra,meera.chopra@example.com,25-08-2024,918,1008
239,Rohan Reddy,rohan.reddy@example.com,26-08-2024,333,1004
240,Kiran Nair,kiran.nair@example.com,27-08-2024,783,1008
241,Anaya Desai,anaya.desai@example.com,28-08-2024,763,1018
242,Tanya Mehta,tanya.mehta@example.com,29-08-2024,926,1005
243,Simran Chopra,simran.chopra@example.com,30-08-2024,473,1009
244,Aarav Mehta,aarav.mehta@example.com,31-08-2024,771,1004
245,Meera Reddy,meera.reddy@example.com,01-09-2024,707,1017
246,Kiran Desai,kiran.desai@example.com,02-09-2024,571,1009
247,Kunal Iyer,kunal.iyer@example.com,03-09-2024,332,1001
248,Aisha Khan,aisha.khan@example.com,04-09-2024,791,1020
249,Aisha Reddy,aisha.reddy@example.com,05-09-2024,212,1013
250,Pooja Khan,pooja.khan@example.com,06-09-2024,929,1016
251,Anaya Patel,anaya.patel@example.com,07-09-2024,596,1013
252,Meera Chopra,meera.chopra@example.com,08-09-2024,541,1014
253,Kunal Iyer,kunal.iyer@example.com,09-09-2024,663,1003
254,Diya Reddy,diya.reddy@example.com,10-09-2024,367,1006
255,Meera Reddy,meera.reddy@example.com,11-09-2024,609,1018
256,Arjun Singh,arjun.singh@example.com,12-09-2024,906,1019
257,Aarav Sharma,aarav.sharma@example.com,13-09-2024,485,1005
258,Sneha Khan,sneha.khan@example.com,14-09-2024,486,1015
259,Kunal Patel,kunal.patel@example.com,15-09-2024,212,1002
260,Aisha Nair,aisha.nair@example.com,16-09-2024,712,1010
261,Tanya Reddy,tanya.reddy@example.com,17-09-2024,724,1018
262,Simran Khan,simran.khan@example.com,18-09-2024,180,1013
263,Simran Reddy,simran.reddy@example.com,19-09-2024,798,1005
264,Rohan Sharma,rohan.sharma@example.com,20-09-2024,212,1001
265,Isha Nair,isha.nair@example.com,21-09-2024,101,1001
266,Sneha Singh,sneha.singh@example.com,22-09-2024,741,1018
267,Pooja Khan,pooja.khan@example.com,23-09-2024,319,1015
268,Vivaan Chopra,vivaan.chopra@example.com,24-09-2024,665,1017
269,Sneha Patel,sneha.patel@example.com,25-09-2024,954,1011
270,Aisha Singh,aisha.singh@example.com,26-09-2024,835,1017
271,Aisha Chopra,aisha.chopra@example.com,27-09-2024,324,1013
272,Dev Desai,dev.desai@example.com,28-09-2024,484,1001
273,Neha Khan,neha.khan@example.com,29-09-2024,502,1002
274,Kunal Chopra,kunal.chopra@example.com,30-09-2024,737,1009
275,Kiran Chopra,kiran.chopra@example.com,01-10-2024,229,1003
276,Aisha Singh,aisha.singh@example.com,02-10-2024,152,1001
277,Vikram Khan,vikram.khan@example.com,03-10-2024,783,1016
278,Kabir Reddy,kabir.reddy@example.com,04-10-2024,829,1006
279,Kabir Chopra,kabir.chopra@example.com,05-10-2024,771,1017
280,Vikram Reddy,vikram.reddy@example.com,06-10-2024,809,1005
281,Kabir Khan,kabir.khan@example.com,07-10-2024,515,1005
282,Diya Mehta,diya.mehta@example.com,08-10-2024,346,1006
283,Sneha Mehta,sneha.mehta@example.com,09-10-2024,935,1003
284,Neha Iyer,neha.iyer@example.com,10-10-2024,538,1005
285,Dev Patel,dev.patel@example.com,11-10-2024,302,1005
286,Rohan Singh,rohan.singh@example.com,12-10-2024,283,1010
287,Sneha Nair,sneha.nair@example.com,13-10-2024,222,1010
288,Rohan Reddy,rohan.reddy@example.com,14-10-2024,500,1019
289,Diya Nair,diya.nair@example.com,15-10-2024,866,1017
290,Kiran Iyer,kiran.iyer@example.com,16-10-2024,393,1014
291,Dev Khan,dev.khan@example.com,17-10-2024,379,1009
292,Kiran Sharma,kiran.sharma@example.com,18-10-2024,936,1014
293,Arjun Nair,arjun.nair@example.com,19-10-2024,983,1001
294,Simran Desai,simran.desai@example.com,20-10-2024,709,1019
295,Aarav Desai,aarav.desai@example.com,21-10-2024,297,1013
296,Simran Khan,simran.khan@example.com,22-10-2024,610,1013
297,Aarav Iyer,aarav.iyer@example.com,23-10-2024,851,1004
298,Meera Nair,meera.nair@example.com,24-10-2024,243,1001
299,Kiran Chopra,kiran.chopra@example.com,25-10-2024,708,1017
300,Dev Desai,dev.desai@example.com,26-10-2024,300,1008
301,Sneha Khan,sneha.khan@example.com,27-10-2024,223,1002
302,Sneha Mehta,sneha.mehta@example.com,28-10-2024,286,1008
303,Kiran Khan,kiran.khan@example.com,29-10-2024,425,1007
304,Aarav Nair,aarav.nair@example.com,30-10-2024,563,1002
305,Neha Nair,neha.nair@example.com,31-10-2024,448,1003
306,Anaya Khan,anaya.khan@example.com,01-11-2024,870,1018
307,Rohan Desai,rohan.desai@example.com,02-11-2024,759,1012
308,Dev Sharma,dev.sharma@example.com,03-11-2024,863,1001
309,Simran Desai,simran.desai@example.com,04-11-2024,502,1012
310,Tanya Sharma,tanya.sharma@example.com,05-11-2024,445,1005
311,Diya Nair,diya.nair@example.com,06-11-2024,610,1017
312,Rohan Khan,rohan.khan@example.com,07-11-2024,246,1016
313,Anaya Sharma,anaya.sharma@example.com,08-11-2024,247,1015
314,Kabir Nair,kabir.nair@example.com,09-11-2024,963,1015
315,Neha Reddy,neha.reddy@example.com,10-11-2024,810,1005
316,Aisha Iyer,aisha.iyer@example.com,11-11-2024,919,1014
317,Neha Nair,neha.nair@example.com,12-11-2024,588,1002
318,Kabir Nair,kabir.nair@example.com,13-11-2024,739,1011
319,Kabir Patel,kabir.patel@example.com,14-11-2024,650,1019
320,Vikram Sharma,vikram.sharma@example.com,15-11-2024,437,1007
321,Dev Sharma,dev.sharma@example.com,16-11-2024,971,1006
322,Raj Reddy,raj.reddy@example.com,17-11-2024,740,1002
323,Diya Sharma,diya.sharma@example.com,18-11-2024,878,1006
324,Aarav Reddy,aarav.reddy@example.com,19-11-2024,572,1018
325,Arjun Sharma,arjun.sharma@example.com,20-11-2024,250,1002
326,Kunal Singh,kunal.singh@example.com,21-11-2024,514,1018
327,Sneha Singh,sneha.singh@example.com,22-11-2024,397,1015
328,Vikram Patel,vikram.patel@example.com,23-11-2024,710,1019
329,Tanya Reddy,tanya.reddy@example.com,24-11-2024,362,1002
330,Aisha Mehta,aisha.mehta@example.com,25-11-2024,863,1020
331,Raj Singh,raj.singh@example.com,26-11-2024,243,1006
332,Kunal Desai,kunal.desai@example.com,27-11-2024,445,1001
333,Isha Singh,isha.singh@example.com,28-11-2024,723,1015
334,Meera Patel,meera.patel@example.com,29-11-2024,671,1010
335,Tanya Sharma,tanya.sharma@example.com,30-11-2024,980,1019
336,Meera Desai,meera.desai@example.com,01-12-2024,101,1017
337,Simran Nair,simran.nair@example.com,02-12-2024,996,1005
338,Arjun Patel,arjun.patel@example.com,03-12-2024,403,1004
339,Tanya Reddy,tanya.reddy@example.com,04-12-2024,353,1010
340,Isha Mehta,isha.mehta@example.com,05-12-2024,751,1017
341,Kunal Patel,kunal.patel@example.com,06-12-2024,552,1010
342,Tanya Sharma,tanya.sharma@example.com,07-12-2024,136,1017
343,Raj Chopra,raj.chopra@example.com,08-12-2024,259,1020
344,Kiran Iyer,kiran.iyer@example.com,09-12-2024,108,1005
345,Diya Chopra,diya.chopra@example.com,10-12-2024,332,1002
346,Neha Sharma,neha.sharma@example.com,11-12-2024,198,1006
347,Kiran Khan,kiran.khan@example.com,12-12-2024,758,1002
348,Isha Nair,isha.nair@example.com,13-12-2024,915,1013
349,Raj Khan,raj.khan@example.com,14-12-2024,307,1011
350,Rohan Nair,rohan.nair@example.com,15-12-2024,230,1011
351,Anaya Chopra,anaya.chopra@example.com,16-12-2024,503,1016
352,Kabir Desai,kabir.desai@example.com,17-12-2024,251,1011
353,Dev Khan,dev.khan@example.com,18-12-2024,153,1019
354,Aisha Nair,aisha.nair@example.com,19-12-2024,219,1015
355,Tanya Mehta,tanya.mehta@example.com,20-12-2024,772,1016
356,Neha Reddy,neha.reddy@example.com,21-12-2024,727,1011
357,Diya Mehta,diya.mehta@example.com,22-12-2024,686,1016
358,Aisha Reddy,aisha.reddy@example.com,23-12-2024,724,1008
359,Aisha Desai,aisha.desai@example.com,24-12-2024,519,1004
360,Kunal Nair,kunal.nair@example.com,25-12-2024,521,1008
361,Neha Sharma,neha.sharma@example.com,26-12-2024,203,1004
362,Vikram Iyer,vikram.iyer@example.com,27-12-2024,951,1003
363,Anaya Khan,anaya.khan@example.com,28-12-2024,353,1003
364,Arjun Iyer,arjun.iyer@example.com,29-12-2024,326,1018
365,Kabir Iyer,kabir.iyer@example.com,30-12-2024,211,1019
366,Kabir Desai,kabir.desai@example.com,31-12-2024,609,1019
367,Kabir Chopra,kabir.chopra@example.com,01-01-2025,572,1005
368,Aarav Chopra,aarav.chopra@example.com,02-01-2025,198,1018
369,Arjun Patel,arjun.patel@example.com,03-01-2025,252,1010
370,Sneha Nair,sneha.nair@example.com,04-01-2025,960,1006
371,Vikram Chopra,vikram.chopra@example.com,05-01-2025,995,1001
372,Sneha Khan,sneha.khan@example.com,06-01-2025,977,1005
373,Vikram Khan,vikram.khan@example.com,07-01-2025,437,1009
374,Aarav Patel,aarav.patel@example.com,08-01-2025,805,1012
375,Meera Reddy,meera.reddy@example.com,09-01-2025,921,1014
376,Simran Reddy,simran.reddy@example.com,10-01-2025,262,1002
377,Meera Desai,meera.desai@example.com,11-01-2025,819,1017
378,Raj Khan,raj.khan@example.com,12-01-2025,780,1014
379,Dev Chopra,dev.chopra@example.com,13-01-2025,260,1013
380,Raj Nair,raj.nair@example.com,14-01-2025,679,1009
381,Dev Iyer,dev.iyer@example.com,15-01-2025,900,1015
382,Raj Khan,raj.khan@example.com,16-01-2025,497,1015
383,Kabir Mehta,kabir.mehta@example.com,17-01-2025,376,1011
384,Kabir Reddy,kabir.reddy@example.com,18-01-2025,915,1016
385,Isha Reddy,isha.reddy@example.com,19-01-2025,603,1017
386,Neha Patel,neha.patel@example.com,20-01-2025,995,1004
387,Dev Singh,dev.singh@example.com,21-01-2025,491,1001
388,Arjun Reddy,arjun.reddy@example.com,22-01-2025,234,1008
389,Vikram Mehta,vikram.mehta@example.com,23-01-2025,294,1017
390,Tanya Chopra,tanya.chopra@example.com,24-01-2025,500,1003
391,Kunal Mehta,kunal.mehta@example.com,25-01-2025,739,1020
392,Isha Reddy,isha.reddy@example.com,26-01-2025,132,1015
393,Meera Reddy,meera.reddy@example.com,27-01-2025,787,1015
394,Raj Singh,raj.singh@example.com,28-01-2025,559,1014
395,Meera Sharma,meera.sharma@example.com,29-01-2025,982,1014
396,Dev Singh,dev.singh@example.com,30-01-2025,569,1002
397,Kabir Sharma,kabir.sharma@example.com,31-01-2025,474,1013
398,Vivaan Chopra,vivaan.chopra@example.com,01-02-2025,121,1014
399,Meera Singh,meera.singh@example.com,02-02-2025,849,1019
400,Vikram Patel,vikram.patel@example.com,03-02-2025,769,1007
401,Aarav Desai,aarav.desai@example.com,04-02-2025,137,1003
402,Meera Khan,meera.khan@example.com,05-02-2025,329,1015
403,Vikram Khan,vikram.khan@example.com,06-02-2025,464,1014
404,Neha Singh,neha.singh@example.com,07-02-2025,662,1011
405,Vivaan Mehta,vivaan.mehta@example.com,08-02-2025,537,1015
406,Vikram Patel,vikram.patel@example.com,09-02-2025,875,1013
407,Diya Nair,diya.nair@example.com,10-02-2025,382,1018
408,Vikram Patel,vikram.patel@example.com,11-02-2025,126,1006
409,Tanya Sharma,tanya.sharma@example.com,12-02-2025,325,1003
410,Rohan Singh,rohan.singh@example.com,13-02-2025,376,1019
411,Tanya Mehta,tanya.mehta@example.com,14-02-2025,897,1015
412,Diya Reddy,diya.reddy@example.com,15-02-2025,708,1005
413,Isha Chopra,isha.chopra@example.com,16-02-2025,383,1010
414,Kiran Desai,kiran.desai@example.com,17-02-2025,978,1007
415,Kunal Desai,kunal.desai@example.com,18-02-2025,580,1017
416,Sneha Chopra,sneha.chopra@example.com,19-02-2025,552,1007
417,Simran Khan,simran.khan@example.com,20-02-2025,928,1012
418,Aisha Mehta,aisha.mehta@example.com,21-02-2025,915,1017
419,Tanya Nair,tanya.nair@example.com,22-02-2025,758,1013
420,Meera Desai,meera.desai@example.com,23-02-2025,615,1020
421,Kunal Sharma,kunal.sharma@example.com,24-02-2025,646,1004
422,Kunal Patel,kunal.patel@example.com,25-02-2025,291,1010
423,Arjun Reddy,arjun.reddy@example.com,26-02-2025,148,1003
424,Kabir Patel,kabir.patel@example.com,27-02-2025,611,1009
425,Anaya Reddy,anaya.reddy@example.com,28-02-2025,116,1013
426,Anaya Chopra,anaya.chopra@example.com,01-03-2025,271,1018
427,Diya Singh,diya.singh@example.com,02-03-2025,319,1015
428,Aarav Nair,aarav.nair@example.com,03-03-2025,257,1004
429,Aisha Desai,aisha.desai@example.com,04-03-2025,576,1015
430,Vikram Mehta,vikram.mehta@example.com,05-03-2025,145,1002
431,Vivaan Reddy,vivaan.reddy@example.com,06-03-2025,472,1015
432,Meera Mehta,meera.mehta@example.com,07-03-2025,617,1008
433,Aisha Patel,aisha.patel@example.com,08-03-2025,198,1008
434,Sneha Mehta,sneha.mehta@example.com,09-03-2025,991,1017
435,Tanya Reddy,tanya.reddy@example.com,10-03-2025,844,1012
436,Kiran Patel,kiran.patel@example.com,11-03-2025,136,1019
437,Dev Reddy,dev.reddy@example.com,12-03-2025,379,1010
438,Rohan Mehta,rohan.mehta@example.com,13-03-2025,448,1009
439,Rohan Patel,rohan.patel@example.com,14-03-2025,596,1005
440,Vivaan Singh,vivaan.singh@example.com,15-03-2025,401,1006
441,Meera Desai,meera.desai@example.com,16-03-2025,280,1020
442,Tanya Mehta,tanya.mehta@example.com,17-03-2025,706,1002
443,Aisha Patel,aisha.patel@example.com,18-03-2025,198,1013
444,Aisha Mehta,aisha.mehta@example.com,19-03-2025,799,1006
445,Simran Mehta,simran.mehta@example.com,20-03-2025,215,1005
446,Pooja Chopra,pooja.chopra@example.com,21-03-2025,290,1001
447,Vikram Khan,vikram.khan@example.com,22-03-2025,352,1006
448,Diya Desai,diya.desai@example.com,23-03-2025,260,1006
449,Vivaan Nair,vivaan.nair@example.com,24-03-2025,355,1016
450,Neha Desai,neha.desai@example.com,25-03-2025,422,1004
451,Kabir Sharma,kabir.sharma@example.com,26-03-2025,227,1011
452,Diya Reddy,diya.reddy@example.com,27-03-2025,117,1009
453,Tanya Desai,tanya.desai@example.com,28-03-2025,892,1003
454,Aarav Mehta,aarav.mehta@example.com,29-03-2025,834,1019
455,Tanya Sharma,tanya.sharma@example.com,30-03-2025,665,1008
456,Anaya Khan,anaya.khan@example.com,31-03-2025,669,1005
457,Pooja Khan,pooja.khan@example.com,01-04-2025,422,1004
458,Kabir Singh,kabir.singh@example.com,02-04-2025,971,1006
459,Tanya Nair,tanya.nair@example.com,03-04-2025,785,1002
460,Vikram Patel,vikram.patel@example.com,04-04-2025,891,1020
461,Vikram Iyer,vikram.iyer@example.com,05-04-2025,725,1011
462,Kiran Iyer,kiran.iyer@example.com,06-04-2025,387,1004
463,Neha Patel,neha.patel@example.com,07-04-2025,953,1015
464,Anaya Iyer,anaya.iyer@example.com,08-04-2025,762,1006
465,Kiran Khan,kiran.khan@example.com,09-04-2025,738,1017
466,Meera Nair,meera.nair@example.com,10-04-2025,254,1006
467,Dev Sharma,dev.sharma@example.com,11-04-2025,589,1019
468,Aisha Patel,aisha.patel@example.com,12-04-2025,485,1002
469,Neha Mehta,neha.mehta@example.com,13-04-2025,884,1015
470,Neha Patel,neha.patel@example.com,14-04-2025,203,1011
471,Simran Chopra,simran.chopra@example.com,15-04-2025,492,1008
472,Aarav Chopra,aarav.chopra@example.com,16-04-2025,910,1019
473,Aisha Nair,aisha.nair@example.com,17-04-2025,345,1013
474,Vivaan Reddy,vivaan.reddy@example.com,18-04-2025,275,1012
475,Pooja Iyer,pooja.iyer@example.com,19-04-2025,138,1005
476,Kunal Khan,kunal.khan@example.com,20-04-2025,576,1006
477,Aisha Sharma,aisha.sharma@example.com,21-04-2025,781,1004
478,Arjun Mehta,arjun.mehta@example.com,22-04-2025,858,1019
479,Dev Singh,dev.singh@example.com,23-04-2025,637,1020
480,Meera Khan,meera.khan@example.com,24-04-2025,966,1001
481,Vikram Patel,vikram.patel@example.com,25-04-2025,917,1020
482,Aarav Desai,aarav.desai@example.com,26-04-2025,507,1017
483,Sneha Singh,sneha.singh@example.com,27-04-2025,624,1012
484,Meera Chopra,meera.chopra@example.com,28-04-2025,927,1015
485,Aarav Chopra,aarav.chopra@example.com,29-04-2025,605,1001
486,Kiran Patel,kiran.patel@example.com,30-04-2025,924,1014
487,Sneha Patel,sneha.patel@example.com,01-05-2025,135,1006
488,Aisha Patel,aisha.patel@example.com,02-05-2025,784,1005
489,Rohan Khan,rohan.khan@example.com,03-05-2025,119,1011
490,Meera Chopra,meera.chopra@example.com,04-05-2025,420,1004
491,Kabir Nair,kabir.nair@example.com,05-05-2025,875,1013
492,Vikram Khan,vikram.khan@example.com,06-05-2025,611,1011
493,Sneha Khan,sneha.khan@example.com,07-05-2025,499,1003
494,Dev Singh,dev.singh@example.com,08-05-2025,753,1001
495,Simran Reddy,simran.reddy@example.com,09-05-2025,982,1006
496,Kunal Chopra,kunal.chopra@example.com,10-05-2025,570,1018
497,Rohan Patel,rohan.patel@example.com,11-05-2025,242,1010
498,Kabir Nair,kabir.nair@example.com,12-05-2025,191,1005
499,Neha Chopra,neha.chopra@example.com,13-05-2025,453,1010
500,Kabir Sharma,kabir.sharma@example.com,14-05-2025,933,1012
501,Meera Mehta,meera.mehta@example.com,15-05-2025,899,1002
502,Tanya Desai,tanya.desai@example.com,16-05-2025,826,1013
503,Vikram Singh,vikram.singh@example.com,17-05-2025,953,1008
504,Aisha Chopra,aisha.chopra@example.com,18-05-2025,150,1002
505,Vikram Iyer,vikram.iyer@example.com,19-05-2025,764,1020
506,Neha Chopra,neha.chopra@example.com,20-05-2025,797,1001
507,Dev Nair,dev.nair@example.com,21-05-2025,674,1005
508,Aisha Iyer,aisha.iyer@example.com,22-05-2025,289,1009
509,Arjun Reddy,arjun.reddy@example.com,23-05-2025,224,1017
510,Tanya Nair,tanya.nair@example.com,24-05-2025,249,1009
511,Sneha Nair,sneha.nair@example.com,25-05-2025,413,1011
512,Vivaan Iyer,vivaan.iyer@example.com,26-05-2025,669,1015
513,Vikram Nair,vikram.nair@example.com,27-05-2025,441,1006
514,Simran Singh,simran.singh@example.com,28-05-2025,404,1003
515,Vikram Sharma,vikram.sharma@example.com,29-05-2025,791,1017
516,Rohan Chopra,rohan.chopra@example.com,30-05-2025,781,1005
517,Tanya Iyer,tanya.iyer@example.com,31-05-2025,937,1012
518,Isha Khan,isha.khan@example.com,01-06-2025,882,1018
519,Isha Chopra,isha.chopra@example.com,02-06-2025,153,1014
520,Aisha Sharma,aisha.sharma@example.com,03-06-2025,543,1011
